Category,Category_n,protected,on_island,plantation,Region,area,perimeter,x,y
"1",Top,NO,NO,NO,Africa,0.000404740775446,0.071326762647375,20.8730664621,-1.2351921151
"1",Top,NO,NO,NO,Africa,0.000404917388877,0.071342335834856,20.3650580160,-2.0461384770
"1",Top,NO,NO,NO,Africa,0.000404828603628,0.071334417609478,24.6781971621,-1.6458487081
"1",Top,NO,NO,NO,Africa,0.000404630872876,0.071317083260581,26.1503649490,-0.0860166303
"1",Top,NO,NO,NO,Africa,0.000404663482286,0.071319911786651,16.7680407371,-0.1958795199
"1",Top,NO,NO,NO,Africa,0.000404641824939,0.071318013214911,12.6591542067,-0.2178521353
"1",Top,NO,NO,NO,Africa,0.000405251231189,0.071371697787253,20.7450917302,-3.0728235776
"1",Top,NO,NO,NO,Africa,0.000404684438529,0.071321838904397,27.0182848404,-0.7012334598
"1",Top,NO,NO,NO,Africa,0.000404970772422,0.071347048473865,24.3046619046,2.2469854795
"1",Top,NO,NO,NO,Africa,0.000405008714150,0.071350321626430,16.5593006541,2.3567601724
"1",Top,NO,NO,NO,Africa,0.000404784858986,0.071330598450031,12.7580310774,1.5113023201
"1",Top,NO,NO,NO,Africa,0.000404915040786,0.071342106052541,12.3357079752,-2.0408896389
"1",Top,NO,NO,NO,Africa,0.000404687604449,0.071322046589052,10.9459380254,-0.7998403174
"1",Top,NO,NO,NO,Africa,0.000405065767785,0.071355385351101,10.3232155194,-2.5663019818
"1",Top,NO,NO,NO,Africa,0.000405536927857,0.071396887452170,20.7631349689,-3.7717932144
"1",Top,NO,NO,NO,Africa,0.000405509221963,0.071394448910150,19.6150641509,-3.7334236142
"1",Top,NO,NO,NO,Africa,0.000405062103876,0.071355076387726,22.4044042363,-2.5493824937
"1",Top,NO,NO,NO,Africa,0.000406711312049,0.071500478652787,-7.1297275501,5.7649730893
"1",Top,NO,NO,NO,Africa,0.000406444301479,0.071476900845604,-8.5483375103,5.3685977938
"1",Top,NO,NO,NO,Africa,0.000406409184183,0.071473899212035,-7.0398058604,5.3196362502
"1",Top,NO,NO,NO,Australia,0.000508560555318,0.080735861277602,146.6388311397,-37.2799126680
"1",Top,NO,NO,NO,Australia,0.000481376381003,0.078226434483314,122.4264596935,-32.7927680121
"1",Top,NO,NO,NO,Australia,0.000484117667384,0.078478417518686,123.4857073599,-33.2983443301
"1",Top,NO,NO,NO,Australia,0.000483751020056,0.078444681365426,123.5422774811,-33.2285774262
"1",Top,YES,NO,NO,Australia,0.000484399471588,0.078504256971468,123.9074815303,-33.3471878441
"1",Top,NO,NO,NO,Australia,0.000405926776722,0.071431299620820,102.1030224318,4.5469897880
"1",Top,NO,NO,NO,Australia,0.000415751141190,0.072300298529855,105.5015855494,13.2633289930
"1",Top,NO,NO,NO,Australia,0.000453300763184,0.075666706167025,97.2553329848,26.7851523033
"1",Top,YES,NO,NO,Australia,0.000421500358925,0.072811237980629,101.7400361671,16.2580941506
"1",Top,NO,NO,NO,Australia,0.000424337502864,0.073063980487021,106.0342820155,17.5215976216
"1",Top,NO,NO,NO,EastAsia,0.000458299728052,0.076120029133929,100.0488189102,28.0022264453
"1",Top,NO,NO,NO,EastAsia,0.000458178044028,0.076109195866379,100.0007538765,27.9731222224
"1",Top,NO,NO,NO,EastAsia,0.000458582731198,0.076145799090704,100.5789092919,28.0688944109
"1",Top,NO,NO,NO,EastAsia,0.000458619140318,0.076149114311451,99.5860202099,28.0749530287
"1",Top,NO,NO,NO,EastAsia,0.000457567608692,0.076053751225171,98.9358839360,27.8291324577
"1",Top,NO,NO,NO,EastAsia,0.000457521806084,0.076049231568899,98.9317635590,27.8145581709
"1",Top,NO,NO,NO,EastAsia,0.000457984729564,0.076091458519894,99.1075449338,27.9262459805
"1",Top,NO,NO,NO,EastAsia,0.000458254242176,0.076115655341430,99.1569834867,27.9844721087
"1",Top,NO,NO,NO,EastAsia,0.000458130537709,0.076104585289451,99.0471202876,27.9590022605
"1",Top,NO,NO,NO,EastAsia,0.000456933006262,0.075995909232440,99.6074230910,27.6747866402
"1",Top,NO,NO,NO,EastAsia,0.000455577790945,0.075872921296023,98.9747615376,27.3471236502
"1",Top,NO,NO,NO,EastAsia,0.000455319786397,0.075849827207313,98.9836883450,27.2903878348
"1",Top,NO,NO,NO,EastAsia,0.000455477479818,0.075864268030099,99.7863768121,27.3282147546
"1",Top,NO,NO,NO,EastAsia,0.000454495306030,0.075775091656481,98.8153832828,27.0855005800
"1",Top,NO,NO,NO,EastAsia,0.000462335153316,0.076486947424410,101.1100683461,28.9316728158
"1",Top,NO,NO,NO,EastAsia,0.000466663623683,0.076880968385959,95.0648412647,29.8767956525
"1",Top,NO,NO,NO,EastAsia,0.000462981899318,0.076545376565447,94.4578466313,29.0709993343
"1",Top,NO,NO,NO,EastAsia,0.000461393942942,0.076401160763229,101.4955757471,28.7171004302
"1",Top,NO,NO,NO,EastAsia,0.000461470408027,0.076408049689250,101.4733458946,28.7321753603
"1",Top,NO,NO,NO,EastAsia,0.000461221956812,0.076385362836360,101.5441902806,28.6724129243
"1",Top,NO,NO,NO,Europe,0.000576750863047,0.087150637660099,22.6195204192,45.4422674682
"1",Top,NO,NO,NO,Europe,0.000574808988802,0.086966260037594,22.4629652785,45.2540644379
"1",Top,YES,NO,NO,Europe,0.000895041421927,0.118646000678914,13.1762318396,63.1213322720
"1",Top,NO,NO,NO,Europe,0.001035032783079,0.133025937913902,20.3209737205,66.9856618378
"1",Top,NO,NO,NO,Europe,0.001076739101677,0.137353435532081,22.0029609731,67.9255048052
"1",Top,NO,NO,NO,Europe,0.001096847368558,0.139446265690924,28.2959043170,68.3507870823
"1",Top,NO,NO,NO,Europe,0.001014189608668,0.130872948753129,30.2869413425,66.4846646221
"1",Top,NO,NO,NO,Europe,0.000559233794547,0.085488168679083,40.3814698460,43.6503576445
"1",Top,NO,NO,NO,Europe,0.000978987742656,0.127240831954204,42.7391936577,65.5850310645
"1",Top,NO,NO,NO,Europe,0.000935316754294,0.122760541246037,47.0531619653,64.3653831269
"1",Top,NO,NO,NO,Europe,0.000963152914892,0.125613194668415,49.2914487368,65.1570308406
"1",Top,YES,NO,NO,Europe,0.001006441731192,0.130074264301852,29.9520865078,66.2931465386
"1",Top,YES,NO,NO,Europe,0.001032763032072,0.132791959805889,18.1802104555,66.9321030412
"1",Top,NO,NO,NO,Europe,0.001030427240039,0.132551121942357,36.6813448905,66.8772548482
"1",Top,NO,NO,NO,Europe,0.001032398702819,0.132754970785698,35.9370210823,66.9241285571
"1",Top,NO,NO,NO,Europe,0.000971975228595,0.126520726776460,57.7685876696,65.3973558287
"1",Top,NO,NO,NO,Europe,0.000993939379214,0.128782826306959,51.9348479084,65.9763157530
"1",Top,NO,NO,NO,Europe,0.000804969369938,0.109536905298739,50.2204890640,59.8229954406
"1",Top,YES,NO,NO,Europe,0.000558668499252,0.085434584087953,41.9636648409,43.5881233545
"1",Top,NO,NO,NO,Europe,0.000675336140148,0.096672549565994,56.7415620254,53.1883587160
"1",Top,YES,NO,NO,NAmerica,0.000992575104647,0.128642235191644,-129.8313235274,65.9410689321
"1",Top,NO,NO,NO,NAmerica,0.000817118241685,0.110756272666340,-128.5256285775,60.3153545250
"1",Top,YES,NO,NO,NAmerica,0.000602921445989,0.089653436798935,-123.4555941038,47.8454439671
"1",Top,NO,NO,NO,NAmerica,0.000597840866021,0.089165384741514,-80.8798287323,47.4015147905
"1",Top,NO,NO,NO,NAmerica,0.000655339139257,0.094720355960980,-58.3479154711,51.8672698323
"1",Top,NO,NO,NO,NAmerica,0.000564278408547,0.085965422709851,-74.1928539705,44.1800789538
"1",Top,NO,NO,NO,NAmerica,0.000707685253019,0.099849920794990,-99.0925529081,55.1237838748
"1",Top,NO,NO,NO,NAmerica,0.000752338024540,0.104273092668861,-125.3134006715,57.4632231074
"1",Top,NO,NO,NO,NAmerica,0.000497177784155,0.079682037650387,-83.6674096956,35.5214377234
"1",Top,NO,NO,NO,NAmerica,0.000450366361747,0.075401077084939,-99.8558182224,26.0328662747
"1",Top,NO,NO,NO,NAmerica,0.000423114208502,0.072954826738283,-94.3329323567,16.9844041820
"1",Top,NO,NO,NO,NAmerica,0.000421886108143,0.072845573031608,-90.9704420919,16.4457827009
"1",Top,YES,NO,NO,NAmerica,0.000425351802960,0.073154522855461,-89.5966305475,17.9453236331
"1",Top,NO,NO,NO,NAmerica,0.000422587869366,0.072908038820359,-88.7665141477,16.7590920450
"1",Top,NO,NO,NO,NAmerica,0.000419766422965,0.072657000565688,-84.9803861689,15.4299823935
"1",Top,YES,NO,NO,NAmerica,0.000412574426718,0.072018803745304,-84.0234916754,11.2465592256
"1",Top,NO,NO,NO,NAmerica,0.000410170202542,0.071806052973795,-83.1746542326,9.4078067680
"1",Top,NO,NO,NO,NAmerica,0.000409291875314,0.071728362339405,-80.9333540833,8.6388387265
"1",Top,NO,NO,NO,NAmerica,0.000409024854775,0.071704820707820,-77.4780862354,8.3877181268
"1",Top,NO,NO,NO,NAmerica,0.000417888253196,0.072490065886088,-84.8254592114,14.4560772014
"1",Top,NO,NO,NO,NAsia,0.000915000440727,0.120683067001627,90.2412143344,63.7533642541
"1",Top,NO,NO,NO,NAsia,0.000915476713544,0.120731991810180,90.0970190302,63.7678600917
"1",Top,NO,NO,NO,NAsia,0.000915893490856,0.120774815153421,89.7626601890,63.7802419088
"1",Top,NO,NO,NO,NAsia,0.000912547893222,0.120432048295100,89.1896284360,63.6770833656
"1",Top,NO,NO,NO,NAsia,0.000768865882492,0.105921172275556,110.2599295398,58.2448806202
"1",Top,NO,NO,NO,NAsia,0.000773893901624,0.106423079393722,111.0614555863,58.4741345254
"1",Top,NO,NO,NO,NAsia,0.000897009717846,0.118848659822493,80.3831038360,63.1849462173
"1",Top,NO,NO,NO,NAsia,0.000897189628176,0.118867057667503,80.0782612763,63.1907354862
"1",Top,YES,NO,NO,NAsia,0.000861825555376,0.115272535166635,64.2412600320,61.9967418992
"1",Top,NO,NO,NO,NAsia,0.000704683148797,0.099555661193572,87.6235337297,54.9547495999
"1",Top,NO,NO,NO,NAsia,0.000699593791069,0.099053833339218,106.0224971181,54.6605873534
"1",Top,NO,NO,NO,NAsia,0.000804512395007,0.109489206739856,100.1024357961,59.8018224413
"1",Top,NO,NO,NO,NAsia,0.000656544996218,0.094837486194795,119.7744628326,51.9488008383
"1",Top,NO,NO,NO,NAsia,0.000597063460191,0.089091120659918,136.2354416862,47.3327129957
"1",Top,NO,NO,NO,NAsia,0.000570775898268,0.086582438469582,134.6841607963,44.8476999314
"1",Top,NO,NO,NO,NAsia,0.000738870330679,0.102934543765511,160.0310207861,56.7924814042
"1",Top,NO,NO,NO,NAsia,0.000673391781675,0.096483351768450,157.1210923052,53.0647857043
"1",Top,NO,NO,NO,NAsia,0.000777336588271,0.106766230422253,136.1439382973,58.6305890047
"1",Top,NO,NO,NO,NAsia,0.000849054613354,0.113981291024526,135.6372887018,61.5378900996
"1",Top,NO,NO,NO,SAmerica,0.000410277923152,0.071815519928276,-62.0117391818,9.5001794799
"1",Top,NO,NO,NO,SAmerica,0.000407833190451,0.071599581268132,-59.9185801271,7.1627493864
"1",Top,NO,NO,NO,SAmerica,0.000405802673015,0.071420471103165,-63.4838867792,4.3237170562
"1",Top,NO,NO,NO,SAmerica,0.000404837983801,0.071335341363549,-54.1160238952,1.7286612537
"1",Top,NO,NO,NO,SAmerica,0.000404775540467,0.071329783479276,-64.4600460428,-1.4065610147
"1",Top,NO,NO,NO,SAmerica,0.000405223488698,0.071369191489602,-71.5853399711,-3.0509368007
"1",Top,NO,NO,NO,SAmerica,0.000406486800074,0.071480657047279,-69.7926659140,-5.4304885200
"1",Top,NO,NO,NO,SAmerica,0.000408724340673,0.071678245007836,-64.8234498613,-8.0963795142
"1",Top,NO,NO,NO,SAmerica,0.000408659430462,0.071672535849244,-59.5587986360,-8.0316821642
"1",Top,NO,NO,NO,SAmerica,0.000409649467713,0.071760058468513,-43.5462096730,-8.9687698381
"1",Top,NO,NO,NO,SAmerica,0.000416279526519,0.072347122311621,-69.3556706798,-13.5702341667
"1",Top,NO,NO,NO,SAmerica,0.000418968830274,0.072586041021898,-63.0704193446,-15.0236041442
"1",Top,NO,NO,NO,SAmerica,0.000412697521824,0.072029670554222,-59.8404389387,-11.3446228933
"1",Top,NO,NO,NO,SAmerica,0.000413278682743,0.072081252747176,-53.2925874409,-11.7321370915
"1",Top,NO,NO,NO,SAmerica,0.000428747477144,0.073457511040229,-58.4644837971,-19.2938568015
"1",Top,NO,NO,NO,SAmerica,0.000445151636086,0.074930569164879,-64.5561135848,-24.6347918961
"1",Top,NO,NO,NO,SAmerica,0.000534958524668,0.083200603243422,-72.0263063950,-40.8501823995
"1",Top,NO,NO,NO,SAmerica,0.000447342287089,0.075128224541619,-53.7607085010,-25.2354553172
"1",Top,NO,NO,NO,SAsia,0.000456172718486,0.075927201175823,84.5032184756,27.4949760020
"1",Top,NO,NO,NO,SAsia,0.000455907654896,0.075902976457998,90.3200303866,27.4310671975
"1",Top,NO,NO,NO,SAsia,0.000456000179611,0.075911585763228,91.8429610872,27.4523651588
"1",Top,NO,NO,NO,SAsia,0.000459233344827,0.076204676967364,94.2867675642,28.2171015533
"1",Top,NO,NO,NO,SAsia,0.000448729521850,0.075253277794031,93.3642397296,25.6066255052
"1",Top,NO,NO,NO,SAsia,0.000416296945446,0.072348730511965,75.0677356881,13.5849015548
"1",Top,NO,NO,NO,SAsia,0.000415156632357,0.072247541833617,75.5587152243,12.9143584512
"1",Top,NO,NO,NO,SAsia,0.000414601672503,0.072198327597285,75.6738708564,12.5777572995
"1",Top,NO,NO,NO,SAsia,0.000411190967498,0.071896304494798,76.9885936963,10.2362338178
"1",Top,NO,NO,NO,SAsia,0.000409903555862,0.071782505691934,77.1915413763,9.1895463194
"1",Top,NO,NO,NO,SAsia,0.000424797986625,0.073105101034081,81.6319765911,17.7190752373
"1",Top,NO,NO,NO,SAsia,0.000413475728237,0.072098588114500,78.6273634696,11.8597166100
"1",Top,NO,NO,NO,SAsia,0.000435971176216,0.074104610659376,86.4981299961,21.8531034558
"1",Top,NO,NO,NO,SAsia,0.000462733564063,0.076523132718989,81.8526992589,29.0152747928
"1",Top,NO,NO,NO,SAsia,0.000486083745272,0.078658690172370,75.4366904722,33.6438066758
"1",Top,NO,NO,NO,SAsia,0.000461967872297,0.076453124439508,95.5237227380,28.8421620609
"1",Top,NO,YES,NO,Africa,0.000422485390743,0.072899047658963,48.9175259674,-16.7117884769
"1",Top,NO,YES,NO,Africa,0.000424652502659,0.073092111221937,48.7397298413,-17.6592143448
"1",Top,NO,YES,NO,Africa,0.000424796398590,0.073104833074531,48.9210043207,-17.7167828937
"1",Top,NO,YES,NO,Africa,0.000419820260447,0.072661731145346,50.2562904447,-15.4437480789
"1",Top,NO,YES,NO,Africa,0.000426223475472,0.073232263693304,48.6429253831,-18.3101842284
"1",Top,NO,YES,NO,Africa,0.000426828224647,0.073286150973860,48.5385552949,-18.5473056692
"1",Top,NO,YES,NO,Australia,0.000550135251160,0.084628978697119,146.1341009177,-42.6473203470
"1",Top,NO,YES,NO,Australia,0.000405271116364,0.071373458762961,139.4450056414,-3.1863729626
"1",Top,NO,YES,NO,Australia,0.000405311775637,0.071377110297846,126.1319513110,-3.3005870946
"1",Top,NO,YES,NO,Australia,0.000404678375602,0.071321250954457,115.0439662431,0.5838044266
"1",Top,NO,YES,NO,Australia,0.000425813360835,0.073195665615155,121.9145036375,18.1364096376
"1",Top,NO,YES,NO,Australia,0.000405830053126,0.071422764708533,151.6514929598,-4.3966445922
"1",Top,NO,YES,NO,Australia,0.000513400101227,0.081185705591072,177.7130781773,-37.9827251832
"1",Top,NO,YES,NO,Australia,0.000560702457278,0.085627736319381,169.2527049428,-43.8072759977
"1",Top,NO,YES,NO,Australia,0.000408008304021,0.071614987128169,142.1714036574,-7.3648705714
"1",Top,NO,YES,NO,Australia,0.000405163263991,0.071364014956733,102.2848001122,-2.8987530455
"1",Top,NO,YES,NO,NAsia,0.000640614424810,0.093290057641521,142.9334739880,50.8273685870
"1",Top,NO,YES,NO,SAmerica,0.000428390852107,0.073425921373634,-71.1775145844,19.1669015358
"1",Top,NO,YES,NO,SAmerica,0.000428236520179,0.073411991010841,-70.9934936906,19.1059236206
"1",Top,NO,YES,NO,SAsia,0.000437846885234,0.074273015442881,89.5247853142,22.4569229749
"1",Top,NO,YES,NO,SAsia,0.000409033668120,0.071705594709136,79.9679373081,8.3874486051
"1",Top,NO,YES,NO,SAsia,0.000408346398501,0.071644893889550,80.8704862021,7.7244765962
"1",Top,NO,YES,NO,SAsia,0.000407333104988,0.071555339192370,81.4105378819,6.5913384404
"3",DOWN,NO,NO,NO,EastAsia,0.000462314697188,0.076485091709693,103.9492221987,28.9271870578
"3",DOWN,NO,NO,NO,EastAsia,0.000460381686253,0.076309173011367,104.1931575110,28.4827641531
"3",DOWN,NO,NO,NO,EastAsia,0.000453330290156,0.075669580492923,108.6673264421,26.7936541738
"3",DOWN,NO,NO,NO,EastAsia,0.000450970085467,0.075455691157228,110.5400192804,26.1938303356
"3",DOWN,NO,NO,NO,EastAsia,0.000445490512220,0.074961079570914,109.6513867177,24.7248834625
"3",DOWN,NO,NO,NO,EastAsia,0.000445038334647,0.074920112783975,108.5692334120,24.5950866630
"3",DOWN,NO,NO,NO,EastAsia,0.000469978917863,0.077182991310484,119.8149027602,30.5697064263
"3",DOWN,NO,NO,NO,EastAsia,0.000446727255394,0.075072538820056,107.8796142169,25.0662450091
"3",DOWN,NO,NO,NO,EastAsia,0.000486104733909,0.078660741127239,110.7012580086,33.6484934188
"3",DOWN,NO,NO,NO,EastAsia,0.000482412095607,0.078321718310764,110.8987975749,32.9873215469
"3",DOWN,NO,NO,NO,EastAsia,0.000482501445049,0.078329618130146,110.6831907228,32.9976883055
"3",DOWN,NO,NO,NO,EastAsia,0.000481378461473,0.078226608577994,111.4041684843,32.7947444156
"3",DOWN,NO,NO,NO,EastAsia,0.000483309042693,0.078404086169685,110.3145731000,33.1491869719
"3",DOWN,NO,NO,NO,EastAsia,0.000460438702476,0.076314265811976,105.3918989788,28.4994415435
"3",DOWN,NO,NO,NO,EastAsia,0.000460750868115,0.076342679531198,105.2957688572,28.5670050395
"3",DOWN,NO,NO,NO,EastAsia,0.000460942273321,0.076359993201000,105.4317242402,28.6116216693
"3",DOWN,NO,NO,NO,EastAsia,0.000461112021640,0.076375810108484,105.2051315375,28.6526035448
"3",DOWN,NO,NO,NO,EastAsia,0.000460405203739,0.076311333894397,105.1474532799,28.4921999690
"3",DOWN,NO,NO,NO,EastAsia,0.000458480847101,0.076136608752057,104.7699662010,28.0462234045
"3",DOWN,NO,NO,NO,EastAsia,0.000459184719148,0.076200533409003,104.0984267770,28.2085118794
"3",DOWN,NO,NO,NO,EastAsia,0.000461223131651,0.076385710034784,103.6808452728,28.6772537736
"3",DOWN,NO,NO,NO,EastAsia,0.000458726907937,0.076158769740803,104.0740308395,28.0998073675
"3",DOWN,NO,NO,NO,EastAsia,0.000458540008822,0.076141989435391,104.3389289042,28.0591018117
"3",DOWN,NO,NO,NO,EastAsia,0.000459835922356,0.076259525501605,104.2098390888,28.3604349702
"3",DOWN,NO,NO,NO,EastAsia,0.000459701468117,0.076247376674735,104.8717655033,28.3290102108
"3",Down,NO,NO,NO,Africa,0.000407472115569,0.071567685485367,20.0628804775,-6.7595307007
"3",Down,NO,NO,NO,Africa,0.000407398440146,0.071561139675946,20.3128192854,-6.6613309809
"3",Down,NO,NO,NO,Africa,0.000407744503420,0.071591666161223,19.6810276380,-7.0463202644
"3",Down,NO,NO,NO,Africa,0.000408368280361,0.071646792003573,21.8491608695,-7.7398968598
"3",Down,NO,NO,NO,Africa,0.000408769531219,0.071682240870671,21.2877330723,-8.1477744096
"3",Down,NO,NO,NO,Africa,0.000410032573313,0.071793815820334,36.0924934322,-9.2835309235
"3",Down,NO,NO,NO,Africa,0.000409945825169,0.071786225355420,36.0856271439,-9.2245703447
"3",Down,NO,NO,NO,Africa,0.000409931172129,0.071784883176232,36.1340356389,-9.2150813717
"3",Down,NO,NO,NO,Africa,0.000409870314058,0.071779528895315,36.1343788191,-9.1557700487
"3",Down,NO,NO,NO,Africa,0.000410077532990,0.071797890548338,35.8058907495,-9.3413948405
"3",Down,NO,NO,NO,Africa,0.000410334213598,0.071820587110312,35.8530940837,-9.5481988223
"3",Down,NO,NO,NO,Africa,0.000410197502418,0.071808454960929,36.0247556178,-9.4347602022
"3",Down,NO,NO,NO,Africa,0.000410840596913,0.071865391554186,36.0267007277,-9.9622355486
"3",Down,NO,NO,NO,Africa,0.000407272698936,0.071550024486953,15.1624772822,-6.4875269786
"3",Down,NO,NO,NO,Africa,0.000407830477847,0.071599258755677,15.2641008509,-7.1474965904
"3",Down,NO,NO,NO,Africa,0.000409542407141,0.071750531550395,15.5455768803,-8.8786072726
"3",Down,NO,NO,NO,Africa,0.000408304364782,0.071641157074883,36.5527105495,7.6687967660
"3",Down,NO,NO,NO,Africa,0.000407222479595,0.071545609014028,35.7956175893,6.4470058570
"3",Down,NO,NO,NO,Africa,0.000407266489333,0.071549534336478,35.5786376830,6.5043158691
"3",Down,NO,NO,NO,Africa,0.000405722297067,0.071413316355780,29.4763665442,4.1563733263
"3",Down,NO,NO,NO,Africa,0.000405678613518,0.071409394064386,29.3047049422,4.0454217707
"3",Down,NO,NO,NO,Africa,0.000405416065526,0.071386307868686,29.3210061033,3.5008746761
"3",Down,NO,NO,NO,Africa,0.000405656687505,0.071407557290387,25.5315561289,4.0356689462
"3",Down,NO,NO,NO,Africa,0.000405726228259,0.071413692926856,25.8906716277,4.1637427924
"3",Down,NO,NO,NO,Africa,0.000405525097271,0.071395848192093,25.7849281698,3.7657572810
"3",Down,NO,NO,NO,Australia,0.000450333101526,0.075398146747328,152.9587738015,-26.0315410605
"3",Down,NO,NO,NO,Australia,0.000406440087431,0.071476570562393,103.0301084998,5.3618999249
"3",Down,NO,NO,NO,Australia,0.000414901250906,0.072224885990542,106.2110297432,12.7548313544
"3",Down,NO,NO,NO,Australia,0.000422036096325,0.072859005092520,99.2035136808,16.4971846793
"3",Down,NO,NO,NO,Australia,0.000440966581209,0.074553350288152,96.3106970643,23.4153346935
"3",Down,NO,NO,NO,Australia,0.000434794470493,0.073998874227276,106.8768095351,21.4597320334
"3",Down,NO,NO,NO,Europe,0.000789110956930,0.107945408949895,23.9896705125,59.1507113706
"3",Down,NO,NO,NO,Europe,0.000520621944133,0.081859226422367,21.9650820829,38.9930663710
"3",Down,NO,NO,NO,Europe,0.000520639360332,0.081860439868291,21.9043136745,38.9938669909
"3",Down,NO,NO,NO,Europe,0.000658181779386,0.094997021170261,24.5936537067,52.0605728170
"3",Down,YES,NO,NO,Europe,0.000696235403893,0.098723356472328,23.5716550287,54.4653954591
"3",Down,YES,NO,NO,Europe,0.000695832742963,0.098683640071787,23.5136338870,54.4420430776
"3",Down,NO,NO,NO,Europe,0.000856315814190,0.114713496152950,45.9177967289,61.7996464024
"3",Down,NO,NO,NO,Europe,0.000981480141945,0.127498694161529,52.0342880129,65.6512930427
"3",Down,NO,NO,NO,Europe,0.000547370358650,0.084367906924756,-0.3794597654,42.3312698635
"3",Down,NO,NO,NO,Europe,0.000545087838930,0.084152846314598,-6.7401287354,42.0680638776
"3",Down,NO,NO,NO,Europe,0.000545074335434,0.084151500808023,-6.7366954885,42.0665347210
"3",Down,NO,NO,NO,Europe,0.000547095209157,0.084342124450559,-0.2901629506,42.3007922485
"3",Down,NO,NO,NO,NAmerica,0.000998345727567,0.129238598128342,-145.4631531674,66.0890759253
"3",Down,NO,NO,NO,NAmerica,0.000825311165045,0.111581978747082,-116.9021783668,60.6394550628
"3",Down,NO,NO,NO,NAmerica,0.000784949578247,0.107528765793553,-116.3986499744,58.9687747382
"3",Down,NO,NO,NO,NAmerica,0.000648351160180,0.094041411494442,-97.0687335992,51.3809170736
"3",Down,NO,NO,NO,NAmerica,0.000448080313845,0.075194696307681,-107.7219352793,25.4346946631
"3",Down,NO,NO,NO,NAmerica,0.000456943028894,0.075996761730112,-80.7408688003,27.6782215307
"3",Down,NO,NO,NO,NAmerica,0.000409309322606,0.071729919808983,-80.0685881035,8.6716474604
"3",Down,NO,NO,NO,NAmerica,0.000410045589319,0.071795022717241,-78.5674244271,9.3079275482
"3",Down,NO,NO,NO,NAmerica,0.000414545500576,0.072193452036952,-86.1016156652,12.5414024368
"3",Down,NO,NO,NO,NAmerica,0.000413897655790,0.072135941020257,-86.4545446315,12.1349975582
"3",Down,NO,NO,NO,NAmerica,0.000413117169217,0.072066822099607,-84.8546096077,11.6222517202
"3",Down,NO,NO,NO,NAmerica,0.000419057522549,0.072594010810820,-87.9100662655,15.0723212890
"3",Down,NO,NO,NO,NAmerica,0.000433626264112,0.073894191024586,-89.3598427770,21.0631082445
"3",Down,NO,NO,NO,NAmerica,0.000422791005576,0.072926087000610,-98.1667696744,16.8354843270
"3",Down,NO,NO,NO,NAmerica,0.000428988526664,0.073479289029395,-104.1573652200,19.3948368684
"3",Down,NO,NO,NO,NAmerica,0.000451481279697,0.075501943559572,-108.5073244989,26.3224181840
"3",Down,NO,NO,NO,NAmerica,0.000730907084744,0.102145751373802,-97.7798388060,56.3841997683
"3",Down,NO,NO,NO,NAmerica,0.000726161922557,0.101674544521232,-100.7626273572,56.1340100488
"3",Down,NO,NO,NO,NAmerica,0.000882249569713,0.117346060237707,-122.4312172941,62.7000317353
"3",Down,NO,NO,NO,NAmerica,0.000891573051376,0.118294067384456,-153.3516309939,63.0077690853
"3",Down,NO,NO,NO,NAsia,0.000642142730612,0.093438042753896,130.0293010333,50.9375121004
"3",Down,NO,NO,NO,NAsia,0.000706221148448,0.099706044978944,123.7048638533,55.0418237218
"3",Down,NO,NO,NO,NAsia,0.000719894004305,0.101055466785486,123.5473810748,55.7993895659
"3",Down,NO,NO,NO,NAsia,0.000811870037069,0.110228694796399,131.7453223064,60.1042770059
"3",Down,NO,NO,NO,NAsia,0.000853802449001,0.114459420193466,115.0753935397,61.7091897641
"3",Down,NO,NO,NO,NAsia,0.000773760534685,0.106408972128662,118.3399035537,58.4682204753
"3",Down,NO,NO,NO,NAsia,0.000681965089370,0.097321370888105,101.4079668038,53.6025968637
"3",Down,NO,NO,NO,NAsia,0.000814786290448,0.110522059034217,127.2020483948,60.2217940053
"3",Down,NO,NO,NO,NAsia,0.000816132795080,0.110658337239961,127.0379400783,60.2763115046
"3",Down,NO,NO,NO,NAsia,0.000683394557655,0.097462699196488,83.1873820624,53.6928464546
"3",Down,NO,NO,NO,NAsia,0.000751357353693,0.104177786506942,84.0630140813,57.4153883021
"3",Down,NO,NO,NO,NAsia,0.000759444930281,0.104981022825379,83.7564268131,57.8033965477
"3",Down,NO,NO,NO,NAsia,0.000756394999826,0.104679010582998,83.6263076619,57.6586370029
"3",Down,NO,NO,NO,NAsia,0.000755570614274,0.104594372654221,83.7317074661,57.6176566084
"3",Down,NO,NO,NO,NAsia,0.000794797274466,0.108515282770854,79.8769909668,59.3947581262
"3",Down,NO,NO,NO,NAsia,0.000793788073679,0.108412521267782,79.9641944224,59.3506817562
"3",Down,NO,NO,NO,NAsia,0.000937882531616,0.123024009650323,124.9205865775,64.4403942590
"3",Down,NO,NO,NO,NAsia,0.000615946058588,0.090904594756500,140.1483468231,48.9296681267
"3",Down,NO,NO,NO,NAsia,0.000820341379040,0.111081102454856,127.0056197197,60.4439927969
"3",Down,NO,NO,NO,SAmerica,0.000422914909507,0.072937215438360,-41.9553011447,-16.9056126189
"3",Down,NO,NO,NO,SAmerica,0.000423134714822,0.072956773798931,-41.8976230779,-17.0041330691
"3",Down,NO,NO,NO,SAmerica,0.000404903428681,0.071341068089045,-44.9838745676,-2.0317786997
"3",Down,NO,NO,NO,SAmerica,0.000404905990770,0.071341334711356,-45.1198305440,-1.9991830791
"3",Down,NO,NO,NO,SAmerica,0.000406595794104,0.071490263919885,-41.6216722829,-5.5975309288
"3",Down,NO,NO,NO,SAmerica,0.000406538976463,0.071485378739833,-41.6481077927,-5.5319236385
"3",Down,NO,NO,NO,SAmerica,0.000407524897525,0.071572261746654,-76.3597911211,-6.8025603260
"3",Down,NO,NO,NO,SAmerica,0.000407500482709,0.071570175234412,-76.3335096874,-6.7565362641
"3",Down,NO,NO,NO,SAmerica,0.000406753172314,0.071504201159684,-73.5915864754,5.8269767768
"3",Down,NO,NO,NO,SAmerica,0.000406860086031,0.071513670647879,-73.6830251106,5.9698398289
"3",Down,NO,NO,NO,SAmerica,0.000406913267113,0.071518328399683,-73.4135162945,6.0509840396
"3",Down,NO,NO,NO,SAmerica,0.000404908786393,0.071341507494558,-80.2618541067,-2.0059846584
"3",Down,NO,NO,NO,SAmerica,0.000404861867494,0.071337449828289,-80.4445016098,-1.8097130074
"3",Down,NO,NO,NO,SAmerica,0.000404920891000,0.071342694049213,-80.4513681609,-2.1034256226
"3",Down,NO,NO,NO,SAmerica,0.000404955288133,0.071345641699476,-80.3854503026,-2.2530062187
"3",Down,NO,NO,NO,SAmerica,0.000404916192977,0.071342256060210,-80.0901923807,-2.0910743897
"3",Down,NO,NO,NO,SAmerica,0.000404929715373,0.071343445129090,-80.3648504339,-2.1185216661
"3",Down,NO,NO,NO,SAmerica,0.000404931395494,0.071343513631178,-80.2316414364,-2.1706700469
"3",Down,NO,NO,NO,SAsia,0.000456962627595,0.075998967514769,83.2316712803,27.6872253988
"3",Down,NO,NO,NO,SAsia,0.000440148978669,0.074479943823021,92.3229479060,23.1700621953
"3",Down,NO,NO,NO,SAsia,0.000438135618424,0.074298991556722,81.8159999407,22.5488041982
"3",Down,NO,NO,NO,SAsia,0.000438269610527,0.074310889358425,82.2863909589,22.5886286750
"3",Down,NO,NO,NO,SAsia,0.000429202610235,0.073498372596077,80.1568207260,19.4762225790
"3",Down,NO,NO,NO,SAsia,0.000418850085225,0.072575481055317,74.9263079664,14.9657044919
"3",Down,NO,NO,NO,SAsia,0.000417391685346,0.072445997366475,74.5958888854,14.1964437803
"3",Down,NO,NO,NO,SAsia,0.000416411405354,0.072358929735030,75.6733805483,13.6424228028
"3",Down,NO,NO,NO,SAsia,0.000415775449937,0.072302464550758,75.5632394504,13.2806566777
"3",Down,NO,NO,NO,SAsia,0.000409904420451,0.071782545467351,76.8282903363,9.1923290378
"3",Down,NO,NO,NO,SAsia,0.000471123386205,0.077287712154311,77.0840274580,30.8046161510
"3",Down,NO,NO,NO,SAsia,0.000432001715808,0.073748775686632,81.9521135474,20.4971533564
"3",Down,NO,NO,NO,SAsia,0.000424267333301,0.073057692352870,81.0722932238,17.4878763139
"3",Down,NO,NO,NO,SAsia,0.000413700224783,0.072118418310024,76.1816462140,12.0011711459
"3",Down,NO,NO,NO,SAsia,0.000432905816297,0.073829803673532,80.3251602512,20.8102390300
"3",Down,NO,NO,NO,SAsia,0.000478396977314,0.077953354423732,75.7178138993,32.2388569630
"3",Down,NO,NO,NO,SAsia,0.000461538429818,0.076414385194812,80.4718257278,28.7491070636
"3",Down,NO,YES,NO,Australia,0.000552244098344,0.084826995827966,147.2330737306,-42.8824974800
"3",Down,NO,YES,NO,Australia,0.000592388706082,0.088643129075807,167.8360109641,-46.9150856659
"3",Down,NO,YES,NO,Australia,0.000410012380939,0.071792077829446,150.2044358623,-9.2892815229
"3",Down,NO,YES,NO,Australia,0.000405794458402,0.071419659278119,142.7725604570,-4.3071129879
"3",Down,NO,YES,NO,Australia,0.000405797844110,0.071419946520624,143.1742477854,-4.3057439651
"3",Down,NO,YES,NO,Australia,0.000404653579751,0.071319052157419,116.6770842690,0.0149995174
"3",Down,NO,YES,NO,Australia,0.000409527282955,0.071749236175215,120.9793089899,-8.8525378757
"3",Down,NO,YES,NO,Australia,0.000404711230530,0.071324140029201,97.6928574620,1.0373737412
"3",Down,NO,YES,NO,Australia,0.000421628258891,0.072822667458482,120.4961337633,16.3106443630
"3",Down,NO,YES,NO,Australia,0.000408077478085,0.071621118788609,107.9272711948,-7.4292682384
"3",Down,NO,YES,NO,Australia,0.000406436715480,0.071476294196476,119.6121114609,-5.3489541381
"3",Down,NO,YES,NO,Australia,0.000532177306013,0.082939665574935,175.6295662630,-40.5020809260
"3",Down,NO,YES,NO,Australia,0.000409136348935,0.071714630467458,123.5334586109,8.4959630675
"3",Down,NO,YES,NO,Australia,0.000425566743843,0.073173714092646,177.6446624226,-18.0405879860
"3",Down,NO,YES,NO,Europe,0.000511807657176,0.081038633076938,14.8983833709,37.7575437085
"3",Down,NO,YES,NO,Europe,0.000512916189223,0.081140898453472,14.7735852418,37.9142664606
"3",Down,NO,YES,NO,Europe,0.000514256849158,0.081265828917136,24.4924657285,38.1059091169
"3",Down,NO,YES,NO,NAsia,0.000672487849442,0.096393957461418,142.4257765595,53.0062045291
"3",Down,NO,YES,NO,SAmerica,0.000426528872822,0.073259443889097,-70.5748197290,18.4348311950
"3",Down,NO,YES,NO,SAmerica,0.000434363501768,0.073960358189390,-77.1043078557,21.3152900487
"3",Down,NO,YES,NO,SAmerica,0.000433012368262,0.073839164571261,-77.3734737665,20.8527230042
"3",Down,NO,YES,NO,SAmerica,0.000433737522030,0.073904078423811,-78.2180475688,21.0976404477
"3",Down,NO,YES,NO,SAsia,0.000408625601892,0.071669542893906,80.0096875488,8.0152906405
"3",Down,NO,YES,NO,SAsia,0.000407829851383,0.071599210086457,81.4180147479,7.1453089432
"3",Down,NO,YES,NO,SAsia,0.000407711524986,0.071588838133805,81.0619836588,7.0345875238
